chr	pos	ref	mut	gene	aachange	impact	obs	exp	dnds_ratio	qval_exome	qval_RHT
4	1806119	G	A	FGFR3	G382R	Missense	10	0.00775	1290	2.69e-6	2.33e-11
10	123274774	A	G	FGFR2	C383R	Missense	5	8.03e-4	6226	3.33e-5	2.88e-10
4	1807889	A	G	FGFR3	K652E	Missense	4	2.25e-4	17816	3.33e-5	2.88e-10
12	112926909	A	G	PTPN11	Q510R	Missense	5	9.25e-4	5406	4.46e-5	NA
12	112888168	T	G	PTPN11	Y62D	Missense	4	3.03e-4	13198	6.62e-5	NA
18	48604664	C	T	SMAD4	R496C	Missense	9	0.0113	793	1.81e-4	2.2e-9
12	112888172	A	G	PTPN11	Y63C	Missense	6	0.00301	1994	1.81e-4	2.2e-9
18	48604676	A	G	SMAD4	I500V	Missense	5	0.00223	2244	0.00173	2e-8
17	27086078	C	T	FAM222B	R300H	Missense	5	0.00232	2157	0.00187	NA
22	41572254	T	G	EP300	F1595V	Missense	3	1.76e-4	17044	0.0029	3.58e-8
12	112926890	A	G	PTPN11	M504V	Missense	4	9.63e-4	4154	0.0029	3.58e-8
12	112926887	G	A	PTPN11	G503R	Missense	4	9.75e-4	4101	0.0029	NA
1	155874263	T	C	RIT1	M107V	Missense	5	0.00318	1572	0.00609	NA
4	1803571	C	G	FGFR3	P250R	Missense	3	3.37e-4	8912	0.0164	NA
1	155874285	A	C	RIT1	F99L	Missense	3	3.49e-4	8600	0.017	NA
10	123279677	G	C	FGFR2	S252W	Missense	3	4.91e-4	6106	0.0445	6.85e-7
18	19426998	C	T	MIB1	R769*	Nonsense	4	0.00219	1825	0.0505	NA
12	112926270	C	T	PTPN11	T468M	Missense	4	0.00307	1301	0.18	2.81e-6
12	112888199	C	T	PTPN11	A72V	Missense	3	8.61e-4	3484	0.2	3e-6
12	112926851	C	T	PTPN11	P491S	Missense	3	9.36e-4	3205	0.244	3.5e-6
11	533874	T	C	HRAS	Q61R	Missense	3	9.59e-4	3127	0.25	3.5e-6
3	12645699	G	A	RAF1	S257L	Missense	4	0.0127	314	1	4.61e-4
4	1803564	C	T	FGFR3	R248C	Missense	3	0.00582	516	1	6.16e-4
11	534289	C	T	HRAS	G12S	Missense	3	0.0101	297	1	0.00279
17	29654736	C	T	NF1	R1830C	Missense	3	0.0132	228	1	0.00553
